{
    "authors": "Microsoft TypeScript <http://typescriptlang.org>, DefinitelyTyped <https://github.com/DefinitelyTyped/DefinitelyTyped>",
    "definitionFilename": "index.d.ts",
    "libraryDependencies": [],
    "moduleDependencies": [
        "child_process",
        "crypto",
        "events",
        "http",
        "net",
        "readline",
        "stream",
        "tls"
    ],
    "libraryMajorVersion": 6,
    "libraryMinorVersion": 0,
    "libraryName": "Node.js v6.x",
    "typingsPackageName": "node",
    "projectName": "http://nodejs.org/",
    "sourceRepoURL": "https://www.github.com/DefinitelyTyped/DefinitelyTyped",
    "sourceBranch": "types-2.0",
    "kind": "ModuleAugmentation",
    "globals": [
        "Buffer",
        "NodeJS",
        "SlowBuffer",
        "__dirname",
        "__filename",
        "clearImmediate",
        "clearInterval",
        "clearTimeout",
        "console",
        "exports",
        "global",
        "module",
        "process",
        "require",
        "setImmediate",
        "setInterval",
        "setTimeout"
    ],
    "declaredModules": [
        "buffer",
        "querystring",
        "events",
        "http",
        "cluster",
        "zlib",
        "os",
        "https",
        "punycode",
        "repl",
        "readline",
        "vm",
        "child_process",
        "url",
        "dns",
        "net",
        "dgram",
        "fs",
        "path",
        "string_decoder",
        "tls",
        "crypto",
        "stream",
        "util",
        "assert",
        "tty",
        "domain",
        "constants",
        "process",
        "v8",
        "timers",
        "console"
    ],
    "files": [
        "index.d.ts"
    ],
    "hasPackageJson": false,
    "contentHash": "9ec1d6568ef70eee3e8545288e7e1eb33e0a5c7ec858b86a7e89a262626f1e68"
}