{
    "authors": "Pekka Leppänen <https://github.com/PekkaPLeppanen>",
    "definitionFilename": "index.d.ts",
    "libraryDependencies": [
        "node"
    ],
    "moduleDependencies": [],
    "libraryMajorVersion": "0",
    "libraryMinorVersion": "0",
    "libraryName": "MQTT",
    "typingsPackageName": "mqtt",
    "projectName": "https://github.com/mqttjs/MQTT.js",
    "sourceRepoURL": "https://www.github.com/DefinitelyTyped/DefinitelyTyped",
    "sourceBranch": "types-2.0",
    "kind": "ProperModule",
    "globals": [
        "mqtt"
    ],
    "declaredModules": [
        "mqtt"
    ],
    "files": [
        "index.d.ts"
    ],
    "hasPackageJson": false,
    "contentHash": "9892e684382ec86882033500702bcbebb8bbbda779976a3276e6895efcc7b354"
}